{"R-Squared": 0.5634013421806263, "Root Mean Squared Error": 0.01697134557314539}