{"R-Squared": 0.6497239589687577, "Root Mean Squared Error": 11.905384524142432}